{
    "1920x1080": {
        "scale_factor": 1,
        "img_offset": [
            0,
            0
        ]
    },
    "800x480": {
        "scale_factor": 0.09844400534709422,
        "img_offset": [
            4.3673807162099365,
            7.018491538020015
        ]
    }
}