{
    "1920x1080": {
        "scale_factor": 0.2598909621129361,
        "img_offset": [
            -4.356965789917126,
            8.384157970575359
        ]
    },
    "800x480": {
        "scale_factor": 0.09844400534709422,
        "img_offset": [
            4.3673807162099365,
            7.018491538020015
        ]
    }
}